{
  "hash": "e05ad25f",
  "configHash": "5b20c53f",
  "lockfileHash": "506e8231",
  "browserHash": "c2875f18",
  "optimized": {
    "@angular/common": {
      "src": "../../../../../../node_modules/@angular/common/fesm2022/common.mjs",
      "file": "@angular_common.js",
      "fileHash": "b21c7811",
      "needsInterop": false
    },
    "@angular/common/http": {
      "src": "../../../../../../node_modules/@angular/common/fesm2022/http.mjs",
      "file": "@angular_common_http.js",
      "fileHash": "0756a0ac",
      "needsInterop": false
    },
    "@angular/core": {
      "src": "../../../../../../node_modules/@angular/core/fesm2022/core.mjs",
      "file": "@angular_core.js",
      "fileHash": "95880b4c",
      "needsInterop": false
    },
    "@angular/forms": {
      "src": "../../../../../../node_modules/@angular/forms/fesm2022/forms.mjs",
      "file": "@angular_forms.js",
      "fileHash": "faa016f2",
      "needsInterop": false
    },
    "@angular/platform-browser": {
      "src": "../../../../../../node_modules/@angular/platform-browser/fesm2022/platform-browser.mjs",
      "file": "@angular_platform-browser.js",
      "fileHash": "bb38e481",
      "needsInterop": false
    },
    "@angular/router": {
      "src": "../../../../../../node_modules/@angular/router/fesm2022/router.mjs",
      "file": "@angular_router.js",
      "fileHash": "449eb2cf",
      "needsInterop": false
    },
    "rxjs/operators": {
      "src": "../../../../../../node_modules/rxjs/dist/esm5/operators/index.js",
      "file": "rxjs_operators.js",
      "fileHash": "cfd5dfdd",
      "needsInterop": false
    },
    "sweetalert2": {
      "src": "../../../../../../node_modules/sweetalert2/dist/sweetalert2.esm.all.js",
      "file": "sweetalert2.js",
      "fileHash": "4129b14a",
      "needsInterop": false
    }
  },
  "chunks": {
    "chunk-E6LWIOKN": {
      "file": "chunk-E6LWIOKN.js"
    },
    "chunk-ZLY7C6PW": {
      "file": "chunk-ZLY7C6PW.js"
    },
    "chunk-W5KX5YIA": {
      "file": "chunk-W5KX5YIA.js"
    },
    "chunk-NWPDGWRF": {
      "file": "chunk-NWPDGWRF.js"
    },
    "chunk-UVGQSFM3": {
      "file": "chunk-UVGQSFM3.js"
    },
    "chunk-WDMUDEB6": {
      "file": "chunk-WDMUDEB6.js"
    }
  }
}